nums,rand_tst,comp_tst,avl_bst
0,1.5950000488373917e-05,5.250999493000563e-06,1.2580999282363337e-05
1,2.3380000129691325e-05,9.014999704959337e-06,3.477199879853288e-05
2,2.912599939008942e-05,1.3175999811210204e-05,5.8052998610946815e-05
3,3.49709998772596e-05,1.763399995979853e-05,7.112999810487963e-05
4,4.0517999877920374e-05,2.2686000193061773e-05,8.410699865635252e-05
5,4.388700017443625e-05,2.833300004567718e-05,9.698499889054801e-05
6,4.8444000640301965e-05,3.457399998296751e-05,0.00012908299868286122
7,5.478400089486968e-05,4.1310000597150065e-05,0.00014612199811381288
8,6.013300026097568e-05,4.8740000238467474e-05,0.00016197199875023216
9,6.696900072711287e-05,5.706200045096921e-05,0.00017871399904834107
10,7.311100125662051e-05,6.56810007058084e-05,0.0002110089990310371
11,7.9947000813263e-05,7.330900098168058e-05,0.00023844999941502465
12,8.698100100446027e-05,8.163100119418232e-05,0.00028392199965310283
13,9.500600117462454e-05,9.015000159706688e-05,0.00031314700026996434
14,0.0001010490013868548,9.718400178826414e-05,0.0003346439998495043
15,0.00010719100191636244,0.00011254000128246844,0.0003560419991117669
16,0.00011590800113481237,0.00012789600077667274,0.00038784299886174267
17,0.00012284300100873224,0.0001368120010738494,0.0004199409986540559
18,0.0001306690010096645,0.0001446390006094589,0.000451641998552077
19,0.00016088500069599831,0.00015325800086429808,0.0004892869992545457
20,0.00016831500033731572,0.00016197600052691996,0.0005103879993839655
21,0.000177132000317215,0.00016841500109876506,0.0005360469995139283
22,0.0001856520002547768,0.00017594400105735986,0.0005619039993689512
23,0.00019337899993843166,0.0001838690004660748,0.0005933079992246348
24,0.00020120599947404116,0.00019228900055168197,0.0006251079994399333
25,0.00020972599941160297,0.00020090800080652116,0.0006568099997821264
26,0.00021685899901058292,0.00020873500034213066,0.0006879170005049673
27,0.00022379299844033085,0.00021725500027969247,0.0007090180006343871
28,0.0002281519982716418,0.0002259720004076371,0.0007417100005113753
29,0.00023568199776491383,0.00023320400032389443,0.000767170000472106
30,0.0002453909974065027,0.00024103099985950394,0.0008088770000540535
31,0.0002529199973650975,0.0002497489995221258,0.0008344369998667389
32,0.00026252899715473177,0.00025836700024228776,0.0008600949995525298
33,0.00027015699743060395,0.00034019600025203545,0.00088585299999977
34,0.00027520999719854444,0.00035119200038025156,0.0009071520007637446
35,0.0002822439973897417,0.00036080199970456306,0.0009324140009994153
36,0.0002927449968410656,0.00036724100027640816,0.0009629260011934093
37,0.000301957996271085,0.00037397800042526796,0.0009934380004779086
38,0.00031196399686450604,0.000381308999749308,0.0010232570002699504
39,0.00032226699659076985,0.0003894319997925777,0.0010690259996408713
40,0.0003290029962954577,0.00039795099928596755,0.001094287999876542
41,0.0003392069966139388,0.00040676699973118957,0.0011409479993744753
42,0.00035693999598152004,0.0004150889999436913,0.001186914999379951
43,0.0003657569959614193,0.00042390599992359057,0.0012169319988970528
44,0.00037724799585703295,0.0004329210005380446,0.0012621059986486216
45,0.0003850739958579652,0.0004401520009196247,0.0012879619980594725
46,0.0003893329958373215,0.0004483740012801718,0.001313322997702926
47,0.0004005269956905977,0.0004570920009427937,0.001357604997792805
48,0.00040993799575517187,0.00046630600081698503,0.0013836599982823827
49,0.00041756599512154935,0.00047462800011999207,0.0014128849988992442
50,0.00042519399539742153,0.0004836430007344461,0.0014374539987329626
51,0.0004339119950600434,0.000492361000397068,0.0014724249986102222
52,0.0004398559949549963,0.0004996920006306027,0.0014932279991626274
53,0.00044688999514619354,0.0005070230008641374,0.0015942749996611383
54,0.0004599659951054491,0.0005152450003151898,0.0016715469992050203
55,0.0004685849953602883,0.0005240620002950891,0.0016978989988274407
56,0.00047968099534045905,0.0005329780005922657,0.0017274199990424677
57,0.0004923619953842717,0.0005413000008047675,0.0017680369992376654
58,0.0005010799959563883,0.0005623020006169099,0.0018144989990105387
59,0.0005105899954287452,0.0005713170003218693,0.0018600689991217223
60,0.0005225769955359283,0.0005787469999631867,0.0018901849989561015
61,0.0005292149953675107,0.0005866720002813963,0.001925352999023744
62,0.0005395179950937745,0.0005953899999440182,0.001965474999451544
63,0.0005474429954119842,0.0006042059994797455,0.0019947979990320164
64,0.0005558629954975913,0.0006124289993749699,0.002034225999523187
65,0.0005618069953925442,0.0006214439990799292,0.0020633509993785992
66,0.000570325994885934,0.0006302609990598285,0.0020885139992969926
67,0.0005787469945062185,0.0006355109990181518,0.002129031999174913
68,0.0005838989945914363,0.0006412569991880446,0.002193028999499802
69,0.0005921219944866607,0.0006481919990619645,0.002222154999799386
70,0.0006031189950590488,0.0006553239982167725,0.002295463999871572
71,0.0006107469944254262,0.0006631499982177047,0.0023254819998328458
72,0.0006225359948075493,0.0006713719976687571,0.0023656039993511513
73,0.0006310559947451111,0.0006798919976063189,0.0023955219994604704
74,0.0006392779951056582,0.0006877189980514231,0.002437922999888542
75,0.0006520569950225763,0.0006960409982639248,0.0025067739998121397
76,0.0006616659948122106,0.000704659998518764,0.002547490999859292
77,0.0006736529949193937,0.0007119909987522988,0.002573148999545083
78,0.0006818749952799408,0.0007197179984359536,0.002617035000184842
79,0.0006871249952382641,0.0007349739980782033,0.002645565999955579
80,0.0006965359953028383,0.00074408799810044,0.002689947999897413
81,0.0007040649952614331,0.0007521129982706043,0.002723431999584136
82,0.0007247699959407328,0.0007607319985254435,0.002768605999335705
83,0.0007308129952434683,0.0007696479988226201,0.0028080339998268755
84,0.0007360629952017916,0.0007761869983369252,0.0028414189991963212
85,0.0007472569950550678,0.0007835179985704599,0.002871237998988363
86,0.0007539929947597557,0.0007914429988886695,0.0028958059983779094
87,0.0007649889948879718,0.0008000619991435087,0.0029249309982333216
88,0.0007779669949741219,0.0008087799988061306,0.0029546509986175806
89,0.0007865859943194664,0.0008169029988494003,0.0029838749978807755
90,0.0008003559942153515,0.0008256209985120222,0.0030249869978433708
91,0.0008121449936879799,0.0008344379984919215,0.0030553999977200874
92,0.0008206649936255417,0.0008418679990427336,0.0030900729980203323
93,0.0008283919942186913,0.0008502879991283407,0.003119891997812374
94,0.0008353259945579339,0.0008593029988333001,0.0031594199981554993
95,0.0008439449948127731,0.0008681199988131993,0.003189040998222481
96,0.0008534549951946246,0.0008763429987084237,0.003223515997888171
97,0.000862469994899584,0.0008852589990056003,0.0032662139974490856
98,0.0008774289944994962,0.000894174999302777,0.003306929997052066
99,0.0008887229951142217,0.0009001189991977299,0.0033422969972889405
100,0.0009006109949041274,0.0009070539990716497,0.0033869759972731117
101,0.0009098239952436415,0.0009210229991367669,0.003420657996684895
102,0.0009163619952232693,0.0009295429990743287,0.0034558269971967093
103,0.0009281509956053924,0.0009380629990118905,0.003575499997168663
104,0.0009390479963258258,0.0009465829989494523,0.003618494996771915
105,0.0009529169965389883,0.0009545079983581672,0.0036630749964388087
106,0.0009655969970481237,0.0009631269986130064,0.003700224996464385
107,0.0010438589970362955,0.000971844999185123,0.0037372759961726842
108,0.00105951099703816,0.0009791759994186577,0.0037872059965593508
109,0.001066940997588972,0.0009874970000964822,0.003832281996437814
110,0.0010814049974214868,0.000996611000118719,0.0038825089959573234
111,0.0010971559977406287,0.0010057260005851276,0.003914803995940019
112,0.0011087459979535197,0.0010142460005226894,0.0039575019964104285
113,0.0011190489976797835,0.0010230630005025887,0.003991283996583661
114,0.0011289559979559272,0.001031880000482488,0.004081631996996293
115,0.0011408439986553276,0.001038616999721853,0.004123437996895518
116,0.0011515429978317115,0.0010459469995112158,0.004151472996454686
117,0.0011635299979388947,0.0010541699994064402,0.0041880289963955875
118,0.001176110997221258,0.0010629869993863394,0.004225376996146224
119,0.001193248996969487,0.0010718029998315615,0.004261833996679343
120,0.001202758996441844,0.0010798270004670485,0.0042936349964293186
121,0.001217122996422404,0.001088545001039165,0.004342375996202463
122,0.0012286149967621895,0.0010973620010190643,0.004389629996694566
123,0.0012391159971230081,0.0011048910009776591,0.004436388996509777
124,0.0012505089971455163,0.0011130140010209288,0.0044863179964522715
125,0.0012681419975706376,0.0011218310010008281,0.004531392995886563
126,0.0012804259977201582,0.0011307470012980048,0.0045610139959535445
127,0.001290530997721362,0.0011388700013412745,0.004600343995662115
128,0.001304499997786479,0.0011477860007289564,0.004633729995475733
129,0.001312821997089486,0.0011566030007088557,0.004667214995606628
130,0.0013219369975558948,0.0011611600011747214,0.004700500995568291
131,0.0013342209977054154,0.001166509001450322,0.004734777995508921
132,0.0013410559977273806,0.0011725520016625524,0.004768262995639816
133,0.001351358998363139,0.0011792890018114122,0.004812743995898927
134,0.0013595809987236862,0.0011864210018757149,0.00484652599607216
135,0.0013684969990208629,0.0011941480015593697,0.004890709996288933
136,0.0013827629982188228,0.0012022710016026394,0.004929643996547384
137,0.0013946509989182232,0.0012107900010960293,0.00497957399693405
138,0.0014026749995537102,0.0012186160010969616,0.005012364996218821
139,0.0014120859996182844,0.001227037000717246,0.00507031899633148
140,0.0014229829994292231,0.0012356560009720852,0.005128172996592184
141,0.0014318989997263998,0.0012429860016709426,0.005161359997146064
142,0.0014384379992407048,0.001250812001671875,0.005205344997193606
143,0.0014469580000877613,0.0012780550014213077,0.005241900997134508
144,0.0014542889994118013,0.0012873670011686045,0.005273998996926821
145,0.001467761999265349,0.0012952920014868141,0.005318578996593715
146,0.001489655998739181,0.0013042080017839908,0.005364643996472296
147,0.0015006519988673972,0.00131302500176389,0.005400505996476568
148,0.0015068929988046875,0.0013196620020607952,0.005432602996734204
149,0.0015194739989965456,0.0013267950016597752,0.0055568329962625285
150,0.0015312629993786686,0.0013351160023375996,0.0055944779960555024
151,0.0015395849995911703,0.001343537001957884,0.005629745996884594
152,0.001548303000163287,0.0013519580024876632,0.0056645179975021165
153,0.0015590020002491656,0.0013598830028058728,0.005693840997992083
154,0.0015651440007786732,0.001368700002785772,0.005727721997573099
155,0.0015698010001869989,0.0013778140028080088,0.005760710997492424
156,0.0015787169995746808,0.0013853430027666036,0.005805092997434258
157,0.001592090999110951,0.0013934670023445506,0.005839468997692165
158,0.0016048709994720411,0.0014021850020071724,0.005879491997802688
159,0.0016129949999594828,0.0014110020019870717,0.005928628997935448
160,0.0016225050003413344,0.0014192250027917908,0.005973703997369739
161,0.0016318180005328031,0.0014281410021794727,0.0060185819975231425
162,0.0016412300010415493,0.0014371560027939267,0.00605236399678688
163,0.0016534150008737925,0.001443397002731217,0.006097141996178834
164,0.0016630240006634267,0.0014501340019705822,0.006134291996204411
165,0.0016751100001783925,0.0014573660018868395,0.006168171996250749
166,0.0016847189999680268,0.001465193001422449,0.006201359996339306
167,0.0016932379994614166,0.0014738120016772882,0.006240986996999709
168,0.0017033429994626204,0.0014826290016571875,0.0062853679974068655
169,0.0017137449995061615,0.0014905540019753971,0.006324300997221144
170,0.0017262269993807422,0.0014991730013207416,0.006371554997713247
171,0.0017365300000165007,0.0015080890007084236,0.006410586997844803
172,0.0017466350000177044,0.0015156180006670184,0.0064567519975753385
173,0.0017585229998076102,0.0015235430000757333,0.006504402997052239
174,0.0017687270001260913,0.0015321610007958952,0.006542938996972225
175,0.0017802190004658769,0.0015411760005008546,0.0065814759973363834
176,0.001790423000784358,0.0015493980008614017,0.00662694699713029
177,0.0018013200005952967,0.001558215000841301,0.0066669699972408125
178,0.0018092450000040117,0.0015670320008212002,0.006717691997437214
179,0.0018177649999415735,0.0015739660002509481,0.006751572997927724
180,0.0018281669999851147,0.0015812970004844829,0.006790407997868897
181,0.0018406489998596953,0.0015894210000624298,0.006841823997092433
182,0.0018492669996703626,0.0015981390006345464,0.006886403996759327
183,0.001861353000094823,0.001606857001206663,0.006939107996913663
184,0.0018723490002230392,0.001615080002011382,0.006975068997235212
185,0.0018777969999064226,0.001630634002140141,0.007006670996815956
186,0.0018842360004782677,0.0016396490027545951,0.007053033996271552
187,0.0018943410004794714,0.00164717800271319,0.007088598996233486
188,0.0019003840006917017,0.0016553010027564596,0.007133574996259995
189,0.0019067240000367747,0.001665207003497926,0.007169040995904652
190,0.0019162349999533035,0.0016744200038374402,0.007215503996121697
191,0.0019302040000184206,0.0016828400039230473,0.0072621639956196304
192,0.0019388230002732598,0.0016919540030357894,0.007293765996109869
193,0.001954573999682907,0.0017013660026350408,0.007335373996284034
194,0.0019665609988805954,0.0017069140030798735,0.007372226996267273
195,0.0019723059986063163,0.0017131550030171638,0.0074823889963226975
196,0.0019795379994320683,0.0017197930028487463,0.007527662995926221
197,0.001988850999623537,0.0017272230033995584,0.007567289995677129
198,0.001999054999942018,0.001735346003442828,0.007617713995387021
199,0.002006386000175553,0.0017439650027881726,0.0076558549953915644
200,0.002014807000705332,0.0017527820027680718,0.007704892995207047
201,0.0020280810012991424,0.0017611040029805736,0.007739169995147677
202,0.0020370960019135964,0.0017698220026431954,0.007785037994835875
203,0.0020463090022531105,0.0017784400024538627,0.007821197994417162
204,0.0020601790020009503,0.0017861670021375176,0.0078722169946559
205,0.0020731570020871004,0.0017940920015462325,0.007913725994512788
206,0.0020859360020040185,0.0018028090016741771,0.007951569994474994
207,0.00209653600177262,0.0018194520016550086,0.007987432994013943
208,0.002103768001688877,0.0018277730014233384,0.00802270099393354
209,0.0021142690020496957,0.0018363920016781776,0.008058264994360798
210,0.0021359650027079624,0.0018453080019753543,0.008103438994112366
211,0.0021467630022016237,0.0018521440024414915,0.008148513993546658
212,0.00215657100216049,0.0018597720027173636,0.00818457399327599
213,0.002166577002753911,0.0018680930024856934,0.008229153992942884
214,0.0021746010024799034,0.0018772070025079302,0.008272940993265365
215,0.002188074002333451,0.0018863210025301669,0.008319402993038238
216,0.002202637002483243,0.001894544003334886,0.008364576992789807
217,0.0022115530027804198,0.00190355900394934,0.008410939993154898
218,0.002222352002718253,0.0019128710036966368,0.00845234899315983
219,0.002229782003269065,0.0019202020039301715,0.008486922993142798
220,0.0022355280025294633,0.0019282270041003358,0.008531403992492415
221,0.0022457320028479444,0.0019371430043975124,0.008566671992412012
222,0.002255836003314471,0.001946059004694689,0.008601839992479654
223,0.002269210003760236,0.001954381004907191,0.008637206992716528
224,0.0022773340042476775,0.0019640890050141024,0.008680597992679395
225,0.002290114003699273,0.0019731040056285565,0.00871338899287366
226,0.002299525003763847,0.001979147004931292,0.008754203992793919
227,0.0023095310034477734,0.00198588300463598,0.008785707992501557
228,0.002323598003385996,0.002000842005145387,0.008821371992780769
229,0.0023337030033871997,0.002010253005209961,0.00886624899249
230,0.002340935003303457,0.002019665005718707,0.008901119992515305
231,0.0023546070033262367,0.002028780005275621,0.00894203399275284
232,0.0023686750027991366,0.002036903005318891,0.00897730099313776
233,0.002382247002060467,0.0020458190047065727,0.00901326199345931
234,0.002392055002019333,0.0020547350040942547,0.00905774299371842
235,0.002400575001956895,0.002062562004539359,0.009089245993891382
236,0.002409987002465641,0.0020710820044769207,0.009124512994276301
237,0.00241969600210723,0.0020798980049221427,0.00916879499436618
238,0.002430891002404678,0.0021615290052068303,0.009204161994603055
239,0.002443671002765768,0.0021719310052503715,0.00923576499462797
240,0.0024540730028093094,0.0021815410054841777,0.0092765809949924
241,0.002462692002154654,0.002191349005443044,0.00931155199486966
242,0.002476859001944831,0.0021979870052746264,0.009468274995015236
243,0.0024880530017981073,0.0022055160052332212,0.0095098829951894
244,0.002501724001376715,0.0022135400049592135,0.009550697995109658
245,0.002511928001695196,0.0022224560043468955,0.009589828995558491
246,0.0025229240018234123,0.0022312730043267948,0.009628266994695878
247,0.0025384770015079994,0.002239496004222019,0.009667001994785096
248,0.002546798001276329,0.002248511004836473,0.009721983995405026
249,0.002562946001489763,0.00225742700513365,0.009771021996130003
250,0.0025784000017665676,0.0022649560050922446,0.009808765996240254
251,0.002590288002465968,0.002273179004987469,0.009863450995908352
252,0.002597519002847548,0.002281996004967368,0.009917937995851389
253,0.002611685003103048,0.00229091200435505,0.009951619996172667
254,0.0026228800024910015,0.0022991350042502745,0.009981834996324324
255,0.002635362002365582,0.0023079510046954965,0.010019677996751852
256,0.002646656002070813,0.002316768004675396,0.01006891399720189
257,0.002660426001966698,0.002320631005204632,0.010123895996912324
258,0.0026716210013546515,0.002325386004486063,0.010161837996747636
259,0.0026793480010383064,0.0023312310040637385,0.010218107996479375
260,0.002691038001103152,0.0023374720049105235,0.010267938996548764
261,0.002705007001168269,0.0023444070047844434,0.010319057996639458
262,0.0027165980009158375,0.002351936004743038,0.01036809599645494
263,0.0027289820009173127,0.0023597620047439705,0.010422284996820963
264,0.0027400780008974834,0.002367984004195023,0.010459335996529262
265,0.0027517680000528344,0.0023765040041325847,0.01051293099681061
266,0.002764052000202355,0.002384331003668194,0.010567615997388202
267,0.0027755440005421406,0.002393049003330816,0.01060783699813328
268,0.002783568000268133,0.0024017660034587607,0.010639636997439084
269,0.0027928800000154297,0.0024096910037769703,0.01067510299708374
270,0.0028079379999326193,0.0024179130032280227,0.010726220997639757
271,0.0028175479992569308,0.0024467410030410974,0.01075762499749544
272,0.0028274549995330744,0.002455954002471117,0.010793189997457375
273,0.002838450998751796,0.0024640770025143865,0.010828457997376972
274,0.002855193998584582,0.002472894002494286,0.010864319997381244
275,0.002868171998670732,0.0024818100027914625,0.010899785997025901
276,0.002876492998439062,0.0024883480027710903,0.010934557996733929
277,0.0028837249983553193,0.0024953820029622875,0.010978740997416025
278,0.0028961079988221172,0.0025037040031747892,0.011010243997588987
279,0.0029065099988656584,0.002512422003746906,0.011041747997296625
280,0.00323223999930633,0.002521040003557573,0.01107245899765985
281,0.0032469019988639047,0.0025290640032835654,0.011103367997748137
282,0.003257898999436293,0.0025379800026712473,0.011152107997986604
283,0.003271470998697623,0.002547293002862716,0.011202532998140668
284,0.00328058499871986,0.002554822002821311,0.011252461998083163
285,0.003288806999080407,0.0025631440030338126,0.011286936998658348
286,0.003294453999842517,0.0025721590036482667,0.011321312998916255
287,0.0033051529999283957,0.002580976003628166,0.0113907589993687
288,0.0033126819998869905,0.0025891990035233903,0.011443659999713418
289,0.003328730999783147,0.002597917003186012,0.011494876999677217
290,0.0033441850000599516,0.002606635002848634,0.011544904999936989
291,0.0033507230000395793,0.002612579002743587,0.011589089000153763
292,0.0033577559997866047,0.0026191170027232147,0.01162623900017934
293,0.0033740029994078213,0.002626349002639472,0.01166398300028959
294,0.0033893589989020256,0.0026346710028519738,0.011718271000063396
295,0.0034029309990728507,0.0026431910027895356,0.011751557000025059
296,0.0034110539991161204,0.002652008002769435,0.011789400000452588
297,0.0034226449988636887,0.0026597350033625844,0.011844778000522638
298,0.0034319579990551574,0.002668255003300146,0.011883612000019639
299,0.0034461249997548293,0.0026768740035549854,0.011985254000137502
300,0.003453951999290439,0.002684006003619288,0.012036668999826361
301,0.0034682179993978934,0.002691931003028003,0.012085012999705214
302,0.003477530999589362,0.002700451002965565,0.012212114999783807
303,0.003488824999294593,0.002709268002945464,0.012261647999366687
304,0.003500811999401776,0.002717391002988734,0.012306128999625798
305,0.0035113129997625947,0.0029144340032871696,0.012345854999693984
306,0.003521714999806136,0.0029311760035852785,0.012383499999486958
307,0.003531919000124617,0.002942371002973232,0.012439570999049465
308,0.0035381610005060793,0.0029556460031017195,0.012473252999370743
309,0.0035537150006348384,0.002971100003378524,0.012539330999970844
310,0.003564811000615009,0.0029875450036342954,0.012581236000187346
311,0.0035742220006795833,0.0029991350038471865,0.012617197000508895
312,0.0035850200010827393,0.003007358003742411,0.012662371000260464
313,0.003594926000914711,0.0030275680037448183,0.012712101999568404
314,0.0036053280009582522,0.0030369800042535644,0.012758464999933494
315,0.003614442000980489,0.0030450050044237287,0.01280482799938909
316,0.003626627000812732,0.003053228004318953,0.01285099300002912
317,0.003638713000327698,0.003062739004235482,0.012882595000519359
318,0.003648917000646179,0.0030718530042577186,0.012923212000714557
319,0.003659814000457118,0.0030804720045125578,0.012959768000655458
320,0.0036705130005429965,0.003089487004217517,0.013009995001084462
321,0.0036821040002905647,0.003098700004557031,0.013060419000794354
322,0.0036916140006724163,0.0031043470044096466,0.013108763000673207
323,0.00370191700039868,0.0031104890040296596,0.013159386000552331
324,0.003712220000124944,0.0031172260041785194,0.013195446000281663
325,0.0037231169999358826,0.003124954004306346,0.013312740999936068
326,0.003734707999683451,0.003133276004518848,0.013362471999244008
327,0.0037454069997693296,0.0031417960044564097,0.013402097999460238
328,0.003754223999749229,0.0031508110050708638,0.01345866500014381
329,0.003768984999624081,0.003159232004691148,0.013503543000297213
330,0.0037822599997525685,0.003168148004988325,0.013540792000640067
331,0.0037941479995424743,0.003177163004693284,0.013577050001003954
332,0.0038104939994809683,0.003184890004376939,0.01362816800155997
333,0.00382594899929245,0.0031930140048643807,0.013794401002087398
334,0.003841502999421209,0.0032094590042106574,0.013846411002305103
335,0.003851409998787858,0.003218771004867449,0.013885839002796274
336,0.003860622999127372,0.003226993005227996,0.013931508003224735
337,0.003880535999087442,0.00323600800584245,0.013970243003313954
338,0.003893612998581375,0.003245122005864687,0.014009572003487847
339,0.003904608998709591,0.003251760006605764,0.014049297004021355
340,0.003916991998266894,0.003259091005929804,0.01408466400425823
341,0.0039271959985853755,0.003267710006184643,0.014120625004579779
342,0.003938984998058004,0.00327682400620688,0.014166097004817857
343,0.003950773998440127,0.0032863340065887314,0.014210875004209811
344,0.003966921998653561,0.0032943590067588957,0.014246440004171745
345,0.003983168999184272,0.00330297800610424,0.014335600003505533
346,0.003992084999481449,0.0033117950060841395,0.01438404400323634
347,0.0040014969990807,0.003319225005725457,0.014423571003135294
348,0.004015762999188155,0.0033277450056630187,0.014468448002844525
349,0.004040727999381488,0.0033368590056852554,0.0145232320028299
350,0.00405647899970063,0.003345775005982432,0.014561273002982489
351,0.0040719329999774345,0.003354097006194934,0.014616453003327479
352,0.004085604000465537,0.0033628140063228784,0.014653008003733703
353,0.004095213000255171,0.003371730006620055,0.014689861003716942
354,0.004104722999727528,0.0033777730068322853,0.014730379003594862
355,0.004114728999411454,0.003391642007045448,0.014770105003663048
356,0.004128201999265002,0.00339927000732132,0.014820431004409329
357,0.00413979299901257,0.0034074930072165444,0.01486114700401231
358,0.004152175999479368,0.0034165080069215037,0.014897207003741642
359,0.004161487999226665,0.003425721006351523,0.014936833003957872
360,0.004173573999651126,0.003434043006564025,0.01499082400368934
361,0.004183281999758037,0.003442860006543924,0.015027478003503347
362,0.004198042999632889,0.0034517760068411008,0.015063241003190342
363,0.004212902999825019,0.003459206006482418,0.01510891100315348
364,0.004224494000482082,0.003467329006525688,0.01515804800328624
365,0.004233409999869764,0.0034762450068228645,0.015278612003385206
366,0.00424529799965967,0.003485458006252884,0.015327650003200688
367,0.004254114999639569,0.003494077006507723,0.015383920003841922
368,0.00426471499940817,0.0035029930068048998,0.015423249004015815
369,0.004273531999388069,0.003512206007144414,0.015465946004042053
370,0.004284429000108503,0.0035189420068491017,0.015515975003836502
371,0.0042963169998984085,0.003526372006490419,0.015555305003545072
372,0.00430444100038585,0.003534694006702921,0.01561018800293823
373,0.0043170230001123855,0.0035436100070000975,0.01565516400296474
374,0.004327128000113589,0.0035529220067473943,0.015710046003732714
375,0.004337429999395681,0.0035611450075521134,0.015752645003885846
376,0.0043448599990369985,0.0035703580078916275,0.015796730003785342
377,0.004355855999165215,0.003580265008167771,0.015841805004129128
378,0.004368139999314735,0.0035878930075341486,0.015895796003860596
379,0.004377848998956324,0.0035961150078946957,0.01595058000384597
380,0.004388647998894157,0.00360532800823421,0.015998628004126658
381,0.004402120998747705,0.0036837880079474417,0.016037165003581322
382,0.004411630999129557,0.0036942890073987655,0.01607520600373391
383,0.004421041999194131,0.0037043940073999693,0.016113544003928837
384,0.004430254999533645,0.0037142020073588355,0.01615059500454663
385,0.004447789999176166,0.003719254007592099,0.016188439004508837
386,0.004454327999155794,0.0037250000077619916,0.016242233004049922
387,0.0044660179992206395,0.0037317370079108514,0.016295333003654378
388,0.004477311999835365,0.0037387710081020487,0.016337833003490232
389,0.004488902999582933,0.003746598007637658,0.01638697000362299
390,0.004500097000345704,0.0037547220081251,0.016441556003883306
391,0.00451129100019898,0.0037634400077877217,0.016483758004142146
392,0.004524566000327468,0.0037723560080848983,0.016542999003831937
393,0.0045370490006462205,0.0037806780082974,0.016614327003480867
394,0.004547451000689762,0.003789792008319637,0.016672578003635863
395,0.004557753000881348,0.003798906007432379,0.016712106003978988
396,0.004568650000692287,0.0038068310068410938,0.016761441004746302
397,0.004586977000144543,0.0038153510067786556,0.01680621900504775
398,0.004598270000315097,0.0038451700065706973,0.01684673700492567
399,0.004615111000020988,0.003854878006677609,0.016893298005015822
400,0.0046239280000008876,0.0038633980066151707,0.016929358004745154
401,0.004637995999473787,0.0038723140069123474,0.016969777005215292
402,0.004651270999602275,0.003881725006067427,0.017009503005283477
403,0.004660384999624512,0.0038882630060470547,0.017048833004992048
404,0.004676730999563006,0.0038955940053710947,0.01708836100442568
405,0.004686737000156427,0.003903619005541259,0.01712858200426126
406,0.004700903000411927,0.003980693005360081,0.017163751004773076
407,0.004715168000984704,0.003996940005890792,0.0172879810043014
408,0.004725867001070583,0.004006054005913029,0.017334245004349214
409,0.004737358000966196,0.0040173470060835825,0.01737783400403714
410,0.0047475620012846775,0.004032306005683495,0.01742112600368273
411,0.004760143001476536,0.004045680005219765,0.017463428003793524
412,0.004775003001668665,0.004060837005454232,0.017512962003820576
413,0.0047916470020936686,0.0040764890054560965,0.017569430003277375
414,0.004803535001883574,0.0040910520056058886,0.017623025003558723
415,0.0048113610018845065,0.004099671005860728,0.017661364003288327
416,0.00482265400205506,0.004108488005840627,0.01770534900333587
417,0.004834641002162243,0.004117503005545586,0.01774765000300249
418,0.004845142002523062,0.004123645006075094,0.017790942003557575
419,0.004860497002482589,0.004130382006223954,0.017839682003796042
420,0.004877833002865373,0.004138110006351781,0.017888918003336585
421,0.004957284003467066,0.004146432005654788,0.017936866003765317
422,0.004972441003701533,0.004155348005951964,0.01799105500413134
423,0.004986904003999371,0.004164462005064706,0.018044550004560733
424,0.0049964140034717275,0.004172784004367713,0.018087347004438925
425,0.005008203002944356,0.004181600004812935,0.018130441004359454
426,0.005023360002269328,0.004190516005110112,0.018168978003814118
427,0.005035050002334174,0.004198045005068707,0.01821781800390454
428,0.00505258500288619,0.004206070005238871,0.018272205003995623
429,0.0050713090031422325,0.004214986005536048,0.01832163900417072
430,0.005082702003164741,0.004223605005790887,0.01837632300430414
431,0.005094292002468137,0.004231828005686111,0.018419020004330378
432,0.005107468002279347,0.0042406450056660105,0.018473705003998475
433,0.005120743002407835,0.0042495610050536925,0.018516601004193944
434,0.005133820001901768,0.004256298005202552,0.018569304003904108
435,0.005142439002156607,0.00426372800484387,0.018617549004375178
436,0.005159181002454716,0.004271752004569862,0.01865440100482374
437,0.005170475002159947,0.004280470004232484,0.018708987005084055
438,0.005183650001526985,0.004289287004212383,0.018748613005300285
439,0.005194844001380261,0.0042975100041076075,0.01880250500562397
440,0.005202373001338856,0.004306426004404784,0.018841834005797864
441,0.005215747000875126,0.004336641004556441,0.018882649005718122
442,0.005228725000961276,0.004344665004282433,0.01892267200491915
443,0.005244279001090035,0.0043528870037334855,0.018962695005029673
444,0.00525795100020332,0.004361803003121167,0.019016389005628298
445,0.005274198000734032,0.004370718002974172,0.019062752005083894
446,0.005291733000376553,0.004379040003186674,0.019108818004497152
447,0.005302928000674001,0.004388154003208911,0.019230868004342483
448,0.005317689000548853,0.00439736700263893,0.019345488004546496
449,0.005328982000719407,0.004402816002766485,0.01939333700465795
450,0.0053428510000230744,0.004408859002978716,0.019437223004388215
451,0.0053554320002149325,0.0044155950026834034,0.019487252004182665
452,0.005363752999983262,0.004423124002641998,0.01954114400450635
453,0.0053777209996042075,0.0044311480023679906,0.01960008900368848
454,0.005388617999415146,0.0044400640017556725,0.019643282003926288
455,0.005399712998951145,0.004448881001735572,0.01969588700467284
456,0.005411501999333268,0.004457400002138456,0.019734721005079336
457,0.005426658999567735,0.004466316001526138,0.01993770800436323
458,0.005445482000141055,0.004475232001823315,0.019994077004412247
459,0.0054586579999522655,0.00448295900150697,0.020038855004713696
460,0.0054720320003980305,0.0044910820015502395,0.020094828004403098
461,0.00548798199997691,0.0044999980009379215,0.02013742700455623
462,0.005506012000296323,0.004515948000516801,0.020192210005006928
463,0.005515027000001282,0.0045244670000101905,0.020241941005224362
464,0.005524536999473639,0.004533383000307367,0.020285431005504506
465,0.005548807999730343,0.0045422000002872664,0.02032585000506515
466,0.005557229000260122,0.004549332999886246,0.020364783005788922
467,0.00557050400038861,0.004556861999844841,0.020407184006216994
468,0.005577438000727852,0.004564984999888111,0.020461176006392634
469,0.0055902170006447705,0.004573802000777505,0.020515068005806825
470,0.005603491999863763,0.0045827180010746815,0.020568564005770895
471,0.005617658000119263,0.004590940001435229,0.02062354600548133
472,0.005630040999676567,0.004600252001182525,0.02066238000497833
473,0.005645495999488048,0.004609069001162425,0.02071171500483615
474,0.005656492999150942,0.0046165980011210195,0.020749261005221342
475,0.00566768799944839,0.0046249200004240265,0.02078720300596615
476,0.0056797749994075275,0.004633737000403926,0.020846544005507894
477,0.005689384998731839,0.004642752000108885,0.02089399700616923
478,0.0057052359989029355,0.004651371000363724,0.020943431006344326
479,0.005722473998503119,0.004660485000385961,0.020994351006265788
480,0.005731983997975476,0.004669599000408198,0.021030807006354735
481,0.005741493997447833,0.004675641999710933,0.021071028006190318
482,0.005752390997258772,0.0046824769997328985,0.021187927006394602
483,0.00576289199761959,0.004696742999840353,0.021245584006464924
484,0.0057752749971768935,0.004705163999460638,0.021290461006174155
485,0.005793106996861752,0.004713980999440537,0.021347424006307847
486,0.005814208997435344,0.0047230949994627736,0.021407855006145837
487,0.005825403996823297,0.004731415999231103,0.021450850006658584
488,0.005837093996888143,0.004740232999211003,0.021494538006663788
489,0.005850962996191811,0.004749147999973502,0.02153267900666833
490,0.0058580949962561135,0.0047567759993398795,0.02158686900656903
491,0.0058706759964479716,0.004764997999700427,0.021653046006576915
492,0.005884346996026579,0.004773913999997603,0.021728337006607035
493,0.0058955409958798555,0.004782928999702563,0.021772322006654576
494,0.005914065995966666,0.00479125099900557,0.02182215200718929
495,0.005922188996009936,0.004800265998710529,0.021871586007364385
496,0.005934868995609577,0.004809379998732766,0.021910222007136326
497,0.0059465589956744225,0.004816313998162514,0.0219478670069293
498,0.0059631039957821486,0.004823842998121108,0.021985810007208784
499,0.005975982996460516,0.004832065998016333,0.02203801800715155
500,0.005986186996778997,0.004841080997721292,0.02210142100648227
501,0.005996489997414756,0.004850095997426251,0.022140156006571488
502,0.006003127998155833,0.004858516997046536,0.02218295300644968
503,0.006015312997988076,0.00486753199766099,0.02223189200685738
504,0.006022643998221611,0.0048764479979581665,0.022291233006399125
505,0.006035324998265423,0.004884274997493776,0.022334129006594594
506,0.00605256199833093,0.004892497998298495,0.022376529006578494
507,0.0060598929985644645,0.004901512998912949,0.022429727006056055
508,0.006068511998819304,0.004910527999527403,0.022478269005659968
509,0.0060843629989904,0.00491865199910535,0.022520471005918807
510,0.0062360339989027125,0.004927567999402527,0.02257327300594625
511,0.006248020999009896,0.004936483999699703,0.02262191500631161
512,0.006265951999012032,0.004939753000144265,0.02266421700551291
513,0.006287944998803141,0.004943814000398561,0.022707014005391102
514,0.006301318998339411,0.004948470000272209,0.022766255005080893
515,0.006318754997664655,0.004954117000124825,0.022803900004873867
516,0.0063395589977517375,0.004960061000929272,0.022845607004455815
517,0.006365216997437528,0.0049666980012261774,0.022904947004462883
518,0.0063927579976734705,0.00497383000129048,0.022947050004404446
519,0.006407022998246248,0.004981557000974135,0.02300133800417825
520,0.0064380299982076394,0.004989779000425187,0.02304463000382384
521,0.006451106998611067,0.004998694999812869,0.023180054004114936
522,0.0064659669988031965,0.005006916999263922,0.02322929000365548
523,0.006474486998740758,0.005015634998926544,0.02327327500370302
524,0.0064825119989109226,0.005024451998906443,0.02332003400351823
525,0.006496777999018377,0.0050387169985697255,0.0233735300034823
526,0.006511934999252844,0.005053576998761855,0.02342246900389
527,0.006531252998684067,0.005062492999059032,0.02346348300397949
528,0.00661387399850355,0.005071507998763991,0.02351588900455681
529,0.006643791998612869,0.005079630998807261,0.023562054004287347
530,0.006666675998530991,0.0050882499990621,0.02361287500389153
531,0.006678067999018822,0.0050968689984074445,0.023658346003685438
532,0.006686587999865878,0.005104001998915919,0.02369420800368971
533,0.006698673999380844,0.005111827998916851,0.023734132003482955
534,0.006710759999805305,0.005120050998812076,0.023774155003593478
535,0.006720467999912216,0.005128669999066915,0.02381368200349243
536,0.006731562999448215,0.005137387998729537,0.023858163002842048
537,0.006744242999047856,0.005145411998455529,0.023897493003460113
538,0.006757121998816729,0.005154129999027646,0.023951683004270308
539,0.0068324129988468485,0.005162946999007545,0.023991409004338493
540,0.006851829998595349,0.00517027799924108,0.024031233004279784
541,0.006865401997856679,0.005178501000045799,0.024076903004242922
542,0.006880063997414254,0.005187318000025698,0.024115737004649418
543,0.006894626997564046,0.005196135000005597,0.024165864005226467
544,0.006906018998051877,0.005204061000767979,0.02421490200504195
545,0.006922661998032709,0.005212779001340095,0.024268893004773417
546,0.006938809998246143,0.005221893001362332,0.024370635004743235
547,0.006948716998522286,0.005228432001786132,0.02441937600451638
548,0.006964963999052998,0.005235169001934992,0.02447624100386747
549,0.006978931999583438,0.005242500002168526,0.024537365004107414
550,0.006994584999119979,0.005250326002169459,0.024581251004747173
551,0.007007958999565744,0.0052586470019377884,0.02463553900452098
552,0.007021431999419292,0.005267266001283133,0.024682695005139976
553,0.007037579999632726,0.00527519200113602,0.0247315350052304
554,0.0070508549997612135,0.005284009001115919,0.024781167005130555
555,0.007060366000587237,0.005292528000609309,0.024835654005073593
556,0.007071462000567408,0.005300354000610241,0.024885781005650642
557,0.00707998200050497,0.00530897300086508,0.024929667005380907
558,0.00709434600048553,0.00531759200111992,0.024973058005343773
559,0.007109503000719997,0.005326409001099819,0.02502804000505421
560,0.007123867000700557,0.005334631001460366,0.025142561004940944
561,0.007138430000850349,0.00534364600207482,0.025189518004481215
562,0.007151606000661559,0.005352463002054719,0.025240834003852797
563,0.007168150001234608,0.0053594970022459165,0.02527996500430163
564,0.00718231700193428,0.005367225002373743,0.025344556004711194
565,0.007191630001216254,0.005375448003178462,0.025395080005182535
566,0.007199655000476923,0.005384463002883422,0.02544500900512503
567,0.0072138220002671005,0.005393280002863321,0.02549583000563871
568,0.007222045000162325,0.005407546002970776,0.025534763005452987
569,0.007235023000248475,0.005416759002400795,0.025584792005247436
570,0.007251963000271644,0.005425576002380694,0.025634524004999548
571,0.007273756999893521,0.005433006002931506,0.025690596005006228
572,0.007289508999747341,0.005441129002974776,0.025730718004524533
573,0.007302585999241273,0.005450045002362458,0.02577034500427544
574,0.0073217059989474365,0.005458762002490403,0.025810566004111024
575,0.007336565999139566,0.005466886002977844,0.025855245004095195
576,0.007348949999141041,0.005475604002640466,0.02590101400437561
577,0.007363512999290833,0.005484322002303088,0.025940541004274564
578,0.007376886999736598,0.005489672002113366,0.025989777003815107
579,0.007390458998997929,0.005495715002325596,0.026030097003967967
580,0.007397095999294834,0.0055025500023475615,0.026069327003824583
581,0.0074083899990000646,0.005509881002581096,0.026108855004167708
582,0.007417404999614519,0.0055179060027512605,0.02614868000455317
583,0.007426518999636755,0.005526327002371545,0.026192269005150592
584,0.007440882999617315,0.0055349460017168894,0.02624923200437479
585,0.007457822999640484,0.005543069001760159,0.026299657004528854
586,0.007470403999832342,0.005551886001740058,0.026353054004175647
587,0.007484371999453288,0.005560703001719958,0.026393374004328507
588,0.007498142000258667,0.005567736002376478,0.026442808004503604
589,0.007507256000280904,0.005582001002949255,0.026482831004614127
590,0.007520629999817174,0.005591115002971492,0.02651839600457606
591,0.007554212999821175,0.005599833003543608,0.026557626004432677
592,0.007579375999739568,0.005608056003438833,0.026597153005241125
593,0.007587498999782838,0.0056173690036303014,0.02663390600537241
594,0.007599981000566913,0.005626186003610201,0.026678189004996966
595,0.007644262999747298,0.005632823003907106,0.02671890600504412
596,0.007659717999558779,0.005640154004140641,0.026762099005281925
597,0.0076762629996665055,0.0056480790035493555,0.026797961005286197
598,0.007685971999308094,0.005656599003486917,0.02684789000522869
599,0.007700436000050104,0.0056652180037417565,0.026898314004938584
600,0.00770935200034728,0.005673242003467749,0.026947847005430958
601,0.007723519000137458,0.005681861003722588,0.026991733005161223
602,0.007734615000117628,0.005690876003427547,0.027124581004500214
603,0.007754924000437313,0.005698207003661082,0.027172529004019452
604,0.007767009999952279,0.0057066280032813665,0.02721661300438427
605,0.007785040000271692,0.005716039003345941,0.027260598004431813
606,0.0077930640009071794,0.0057251530033681775,0.027307060004204686
607,0.007805249000739423,0.005802623003546614,0.02736184400419006
608,0.007815948000825301,0.005819861004056293,0.027417619004154403
609,0.007829719001165358,0.005830065004374774,0.027458534003926616
610,0.007839131001674104,0.005836801004988956,0.02751242700378498
611,0.007849137002267526,0.005855822005287337,0.027561762003642798
612,0.007868059002248629,0.005863351006155426,0.02761595100400882
613,0.007881235002059839,0.0058713750058814185,0.027659738004331302
614,0.007910460001767206,0.005879994006136258,0.02771085600488732
615,0.007925319001515163,0.0058887120057988795,0.027754544004892523
616,0.00793611700191832,0.005896736005524872,0.027804572005152295
617,0.007950085002448759,0.005905354005335539,0.02784845900532673
618,0.007965341003000503,0.005914072005907656,0.0278882840048027
619,0.007979606002663786,0.0059214020056970185,0.027937123005358444
620,0.007994664002580976,0.005929625005592243,0.02799121300540719
621,0.008007147002899728,0.005938442005572142,0.02804094400471513
622,0.008021611002732243,0.005947358004959824,0.02808423600436072
623,0.008033994003199041,0.005955581005764543,0.028127429004598525
624,0.008045387003221549,0.005964497005152225,0.02816339000401058
625,0.008058364003773022,0.005973413005449402,0.028207177003423567
626,0.008069559003160975,0.0059801500055982615,0.028256710003006447
627,0.008080060003521794,0.005987580005239579,0.02830574800282193
628,0.008244015003583627,0.005995703005282849,0.028355380002722086
629,0.008262837003712775,0.0060046190046705306,0.02840907400332071
630,0.008271951003735012,0.006013535004967707,0.028448700003536942
631,0.008283145003588288,0.006021658005010977,0.02849179400345747
632,0.008294537004076119,0.006030475004990876,0.028531322002891102
633,0.008304047003548476,0.006039391005288053,0.028566391002641467
634,0.008315836003930599,0.006047019005563925,0.028601262002666772
635,0.008323762003783486,0.006055241005014977,0.028636430002734414
636,0.008333768003467412,0.006063959005587094,0.028679623002062726
637,0.008343872003933939,0.006072776005566993,0.02871984400189831
638,0.0083523920038715,0.006080899005610263,0.02877185400120652
639,0.008363091003047884,0.00608981500590744,0.028820198001085373
640,0.008378842003367026,0.006098731006204616,0.028859725000984326
641,0.008391225003833824,0.006103486006395542,0.02889945000060834
642,0.008407769003497378,0.0061091330062481575,0.028939374000401585
643,0.00841836900326598,0.006115176006460388,0.029068458000438113
644,0.008428078002907569,0.00612201200601703,0.029121855000084906
645,0.008442047002972686,0.006129640005383408,0.02917921500011289
646,0.008454233003249101,0.0061376640051094,0.029221517000223685
647,0.00846929100316629,0.00614598500487773,0.02932979700017313
648,0.008481080002638919,0.006154802004857629,0.0293855709996933
649,0.008494950002386759,0.006163025004752853,0.029440651999721013
650,0.008504163002726273,0.006171941004140535,0.029481171000043105
651,0.008524174002559448,0.006181055004162772,0.029533280000578088
652,0.008535369001947402,0.006188584004121367,0.029583606000414875
653,0.008547455001462367,0.006210082004145079,0.029623926000567735
654,0.008558649002225138,0.006219395004336548,0.02966949700112309
655,0.008573113002057653,0.006228212004316447,0.02972745100123575
656,0.008603428002061264,0.006328071004645608,0.02976777100138861
657,0.00862185500227497,0.006337086005260062,0.02980809100154147
658,0.008630177002487471,0.006346002005557239,0.029857227001230058
659,0.008646027002214396,0.0063527380052619264,0.0298935850014459
660,0.008656429002257937,0.006360664005114813,0.029946586000733078
661,0.008747372002289922,0.006368887005010038,0.029985916001351143
662,0.008762232001572556,0.006377704004989937,0.030036143001780147
663,0.008776200002102996,0.006386422004652559,0.030081317001531716
664,0.00879759900180943,0.006394645004547783,0.03013560500130552
665,0.008807605001493357,0.0064033630051199,0.03019038800175622
666,0.008818205001261958,0.0064126750048671965,0.03023041100186674
667,0.008834849001686962,0.006420204004825791,0.030283907001830812
668,0.008847332002005714,0.006428526005038293,0.030337997001879558
669,0.008861003001584322,0.006437641004595207,0.03038218000165216
670,0.008878141001332551,0.006446755004617444,0.030427949001932575
671,0.008890822001376364,0.006454977004977991,0.03047758200136741
672,0.008904691000680032,0.00646399200468295,0.030518001001837547
673,0.008918263000850857,0.006473998005276371,0.03056882200144173
674,0.008932331000323757,0.006480141005340556,0.030618257001151505
675,0.008946496999669762,0.006486680004854861,0.03066432300147426
676,0.008959572999629017,0.006494110005405673,0.030714252001416753
677,0.008979583999462193,0.006502134005131666,0.030764875001295877
678,0.008987310999145848,0.006511050004519348,0.030804997001723677
679,0.009000585999274335,0.006519966004816524,0.030854629001623834
680,0.009018021998599579,0.006527891004225239,0.03090426100152399
681,0.0090303059987491,0.006536608004353184,0.03103076900151791
682,0.009043976998327707,0.0065455240046503604,0.03107455700137507
683,0.009057548998498532,0.006553152004926233,0.0313015190013175
684,0.009073696998711966,0.00656127600450418,0.03134629700161895
685,0.009082216998649528,0.006570291004209139,0.0314139600013732
686,0.009095193998291506,0.006578712004738918,0.031499950001489196
687,0.009108567998737271,0.006586935004634142,0.03153947800092283
688,0.009126795998781745,0.006595950004339102,0.031582572000843356
689,0.009135513998444367,0.006604965004044061,0.031645479000872
690,0.009143042998402962,0.006611800004066026,0.031693130001258396
691,0.009159983998870302,0.006619527003749681,0.03176000000166823
692,0.00917395299893542,0.006627947003835288,0.031800915001440444
693,0.009188317998450657,0.006636962004449742,0.03185599500193348
694,0.009200700998917455,0.006646076004471979,0.03190572700168559
695,0.009218432998750359,0.006661035004071891,0.031960709001396026
696,0.009231113998794171,0.006670248004411405,0.03201103500214231
697,0.009245181999176566,0.006679164004708582,0.03205591200185154
698,0.009265094999136636,0.006686693004667177,0.032096331002321676
699,0.009276487999159144,0.006695212005070061,0.03213625500211492
700,0.009293824999076605,0.0067044250054095755,0.03218034000201442
701,0.009307000998887816,0.006713539005431812,0.03223562000130187
702,0.009321860999079945,0.006722059005369374,0.03227564300141239
703,0.00933691899990663,0.006731470005433948,0.03231487300126901
704,0.009354157000416308,0.006740783005625417,0.03236410900080955
705,0.009365648000311921,0.00674613300634519,0.03240442900096241
706,0.009381399000631063,0.006752275005965203,0.03244435300166515
707,0.009390612000970577,0.006759111005521845,0.032484079001733335
708,0.009406165000655164,0.0067667400053323945,0.032528361001823214
709,0.00941805300044507,0.006774963005227619,0.0325685820016588
710,0.009428257000763551,0.0067838790055247955,0.032608407001134765
711,0.009443810001357633,0.0067927950049124775,0.032651897000505414
712,0.009460354001021187,0.006801018004807702,0.032700736000151664
713,0.00947461900068447,0.006810033004512661,0.03274492000036844
714,0.009485714000220469,0.006818949004809838,0.032789005000267935
715,0.009505725000053644,0.006826379004451155,0.0328289280005265
716,0.009518107999610947,0.006834503004938597,0.03288301800057525
717,0.009529599999950733,0.006850057004157861,0.03300239300097019
718,0.009542676999444666,0.006859369003905158,0.03305945500051166
719,0.009559221999552392,0.006867493003483105,0.033114536000539374
720,0.009579332999237522,0.006876211003145727,0.03316842800086306
721,0.00959052799953497,0.0068852270023853634,0.03322202300114441
722,0.009600137999768776,0.006892162002259283,0.033270961001107935
723,0.009611827999833622,0.006899692001752555,0.033318216001134715
724,0.009621337999305979,0.00690791500164778,0.03336031900107628
725,0.009634711999751744,0.006916732001627679,0.0334161930004484
726,0.009654822999436874,0.006925648001924856,0.03346374400098284
727,0.009664629998951568,0.006934069002454635,0.03351733900126419
728,0.009678201998212899,0.006942886002434534,0.033571429001312936
729,0.009691278998616326,0.006951703002414433,0.033613829001296835
730,0.009704850997877656,0.006959133002055751,0.03367257500121923
731,0.00971386599849211,0.006967355002416298,0.033729439001035644
732,0.009727833998113056,0.0069762710027134744,0.03377867500148568
733,0.009738235998156597,0.006985187003010651,0.0338373220010908
734,0.009754680998412368,0.00699360800354043,0.03389676200094982
735,0.009773404997758917,0.0070026230032453896,0.03394728500097699
736,0.00978390599721024,0.007011737003267626,0.03399790800176561
737,0.009791038997718715,0.0070177800034798565,0.03403743500166456
738,0.009801639997021994,0.007031749003544974,0.03409103000194591
739,0.009809465997022926,0.007039477002763306,0.034130558002289035
740,0.009823532996961148,0.00704770000265853,0.03423844200278836
741,0.009843048997026926,0.007056616002046212,0.03429382000285841
742,0.009853846996520588,0.007065928001793509,0.03435444900242146
743,0.009872371996607399,0.007074249001561839,0.034414583002217114
744,0.009889113996905508,0.007083165001859015,0.03447947200220369
745,0.009906251996653737,0.007092181002008147,0.03453970400187245
746,0.009914573996866238,0.007099710001966741,0.03458259900253324
747,0.009926957996867714,0.0071079320023272885,0.034642336002434604
748,0.009938548996615282,0.0071169470029417425,0.034701181002674275
749,0.009949050996510778,0.007125963003090874,0.03474516600272182
750,0.009965792996808887,0.007134384003620653,0.034798959002728225
751,0.009980553996683739,0.007143300003008335,0.03484680800283968
752,0.009993234996727551,0.007152315002713294,0.03488574200309813
753,0.010000763996686146,0.007159151002269937,0.03500016400266759
754,0.010012156996708654,0.007166779002545809,0.035054650002166454
755,0.010019289997217129,0.007175200002166093,0.035098635002213996
756,0.010035437997430563,0.007184215002780547,0.03516530700198928
757,0.010044353996818245,0.007193131002168229,0.03522593600246182
758,0.010053467996840482,0.007201452002846054,0.03528131400253187
759,0.010066147996440122,0.0072105660028682905,0.035324507001860184
760,0.01007942299656861,0.00721958100257325,0.03538850400218507
761,0.010093687996231893,0.0072275060028914595,0.03543823500240251
762,0.010112014995684149,0.007235728003252007,0.03549817000202893
763,0.010127171995009121,0.007244743003866461,0.0355565200025012
764,0.010134304994608101,0.007253758004480915,0.03559951500301395
765,0.01014480599496892,0.007261981004376139,0.035652912003570236
766,0.010155999994822196,0.007270897003763821,0.035694124003384786
767,0.010167193994675472,0.00727991200346878,0.03573711900298804
768,0.010177694994126796,0.007283974003257754,0.03578031200231635
769,0.0101931489944036,0.007288828003765957,0.03582727000230079
770,0.010208207994764962,0.007294375003766618,0.03588453000247682
771,0.010214944994913822,0.007300616003703908,0.0359428800020396
772,0.010227129994746065,0.007307649003450933,0.03599013500206638
773,0.01024159399457858,0.007315079003092251,0.03603857800226251
774,0.010251401994537446,0.007322905003093183,0.03609762100222724
775,0.010262496994073445,0.007331425003030745,0.03614002100221114
776,0.010276167993652052,0.007340143002693367,0.03619648900257744
777,0.010284489993864554,0.007348168002863531,0.03624513000340812
778,0.010296278994246677,0.007356886002526153,0.036289512003349955
779,0.010306977994332556,0.0073656030026540975,0.036345584003356635
780,0.010325106994059752,0.007373132002612692,0.03640036700380733
781,0.010334815994610835,0.007400870002129523,0.03645029600374983
782,0.010350666994781932,0.007409885001834482,0.03649121000398736
783,0.01036136599486781,0.007418900001539441,0.03653133200441516
784,0.010392868995040772,0.007426925001709606,0.03656808600499062
785,0.010403666994534433,0.0074356430013722274,0.03661266600556701
786,0.010421399994811509,0.007444559001669404,0.03665645400633366
787,0.01042932599557389,0.007451593000951107,0.036706185006551095
788,0.010441511995850306,0.007459518001269316,0.036755916005859035
789,0.010454390995619178,0.007467741001164541,0.03679970300527202
790,0.010465090996149229,0.007476359000975208,0.03685399200549
791,0.010481932996299292,0.007485176000955107,0.03698386800533626
792,0.010494117996131536,0.0074933990008503315,0.03703280700483447
793,0.010504916996069369,0.007502216000830231,0.037088681005116086
794,0.010518686995965254,0.007510934001402347,0.03713108200554416
795,0.010529385996051133,0.007518166001318605,0.03718299300635408
796,0.01055960099620279,0.00752628900045238,0.03723668700604321
797,0.010579017996860784,0.007535205000749556,0.03729127200676885
798,0.010597443996630318,0.007544022000729456,0.03733436600668938
799,0.010604477996821515,0.007552145000772725,0.0373809280072237
800,0.010617950996675063,0.007560863000435347,0.03742352700737683
801,0.010630333996232366,0.007642593001037312,0.03748673200789199
802,0.010645490996466833,0.007649924001270847,0.037540525007898395
803,0.010658467997018306,0.007657553001081396,0.03759392200754519
804,0.010670256997400429,0.007665479000934283,0.03765375800685433
805,0.01068323499748658,0.007673900001464062,0.037708839006882044
806,0.01069740099774208,0.007683114001338254,0.037766298007227306
807,0.010708099996918463,0.0076924260010855505,0.037803547006660665
808,0.0107260309969206,0.0077013420004732325,0.03786199600654072
809,0.010738215997662337,0.007710456000495469,0.037904099006482284
810,0.010749509997367568,0.007719471001109923,0.037946698006635415
811,0.010759614997368772,0.0077272970011108555,0.037993259006725566
812,0.010774771997603239,0.007736015001682972,0.03805626500707149
813,0.010786857997118204,0.007745030001387931,0.03809866600749956
814,0.010799141997267725,0.007754342001135228,0.03814067100756802
815,0.010810336997565173,0.00776315800158045,0.03817841600812244
816,0.01081945099758741,0.007772470001327747,0.03821546700783074
817,0.01083777799794916,0.007781782001075044,0.038257273007729964
818,0.010850358998141019,0.007788815000822069,0.038299674008158036
819,0.010862543997973262,0.007796641000823001,0.038353665008799
820,0.010878592997869418,0.007805359001395118,0.038394084009269136
821,0.010887607998483873,0.007814473001417355,0.03843381000933732
822,0.010897613998167799,0.007823686000847374,0.038478688009490725
823,0.010912770998402266,0.007843896000849782,0.03853416500987805
824,0.010926739998467383,0.007853307000914356,0.038577952010200534
825,0.010942095997961587,0.007862619000661653,0.038617777010585996
826,0.010973796997859608,0.00787024700002803,0.0386578990101043
827,0.010991727997861744,0.007878469000388577,0.0387130790095398
828,0.011004308998053602,0.007887286000368476,0.0387491400097133
829,0.011021842998161446,0.007896201000221481,0.03880362700965634
830,0.011037594998015265,0.007904522999524488,0.038917752010092954
831,0.011052058998757275,0.00791343899891217,0.03897204000986676
832,0.011065531998610822,0.00792225599889207,0.039015926009597024
833,0.011083264998887898,0.007927902998744685,0.03907665400947735
834,0.011092576998635195,0.007934143998681975,0.03917453201029275
835,0.01110565299859445,0.00794097899870394,0.039242492010089336
836,0.011126258998956473,0.007948606998979812,0.039287864009565965
837,0.011142208998535352,0.007956829998875037,0.03934869100976357
838,0.01115478999872721,0.007965447998685704,0.03938871400987409
839,0.011164894998728414,0.007974264998665603,0.03945231401030469
840,0.011176188998433645,0.007982487998560828,0.03949312901022495
841,0.011192039998604741,0.007991303998096555,0.03954840800997772
842,0.01120670199907181,0.008000219997484237,0.03960220100998413
843,0.011214329999347683,0.008007748997442832,0.039655994009990536
844,0.011233448999519169,0.008022311997592624,0.03970661700986966
845,0.011241672000323888,0.008031326997297583,0.03975971701038361
846,0.011253460999796516,0.00804024299759476,0.03980023501026153
847,0.011273670999798924,0.008048564997807262,0.03985036301037326
848,0.011282288999609591,0.00805738199778716,0.03989405200991314
849,0.01129427599880728,0.00806639699749212,0.03994219800915744
850,0.011304578998533543,0.00807333199736604,0.03998271600903536
851,0.011318844997731503,0.00808066299669008,0.040019172009124304
852,0.011337469997670269,0.008088884996141132,0.04007276700940565
853,0.011349655997037189,0.008097701996121032,0.04026505500951316
854,0.01136263399712334,0.008106518996100931,0.040317462008715665
855,0.011375412997040257,0.00811483999586926,0.04037729900846898
856,0.011388290996364958,0.008123953995891497,0.0404261390085594
857,0.011405230996388127,0.00813286999527918,0.04049092800869403
858,0.01141979399653792,0.008140497994645557,0.04055066500950488
859,0.011430393997216015,0.008148918994265841,0.04059791900908749
860,0.01143683299778786,0.00815773599424574,0.040656863008734945
861,0.011450899997726083,0.008167443994352652,0.0407272000093144
862,0.011468037998383807,0.008175962994755537,0.040764845009107376
863,0.01148002499849099,0.008185175994185556,0.04088293200948101
864,0.011492308997731016,0.008194289994207793,0.040944651009340305
865,0.01150617899838835,0.008207961994230573,0.040994482009409694
866,0.011517373998685798,0.00821499599442177,0.04104243000892893
867,0.01152757799900428,0.008222920993830485,0.04110613000921148
868,0.011552938998647733,0.008231241993598815,0.04118845400898863
869,0.01156542199805699,0.008240157992986497,0.04123640200941736
870,0.011582263998207054,0.008249172992691456,0.04128623200995207
871,0.011598213998695428,0.008257394992142508,0.04133873801038135
872,0.01161485699867626,0.00826611299180513,0.04138341701036552
873,0.01162704299804318,0.008275226991827367,0.04143087001011736
874,0.011641605998192972,0.008282656991468684,0.04149050800970144
875,0.011655178997898474,0.008290878991829231,0.04152924300979066
876,0.011666967998280597,0.00829989399153419,0.041576497010282765
877,0.011675288998048927,0.008309502991323825,0.04162365300999227
878,0.011690643998008454,0.008317724990774877,0.041687749010634434
879,0.011704809998263954,0.0083264429904375,0.04173143701063964
880,0.011718480998752057,0.008335655990777013,0.041789688010794634
881,0.01172878399847832,0.008342590990650933,0.04183664601077908
882,0.01173760099845822,0.008350119990609528,0.04189568901074381
883,0.011747605998607469,0.00835834199006058,0.0419425470108763
884,0.01176444699831336,0.00836735698976554,0.04200089701134857
885,0.0117805949976173,0.008376371990379994,0.04204716101139638
886,0.011792978997618775,0.008384594990275218,0.04208916601146484
887,0.011811504998149758,0.008393510990572395,0.042143058011788526
888,0.011823689997982001,0.008402525990277354,0.0421855570120897
889,0.011841125997307245,0.008410153990553226,0.0422402420117578
890,0.011858561997541983,0.008418475989856233,0.04229750201193383
891,0.011871439997776179,0.008427788990047702,0.04236120201221638
892,0.011883822998242977,0.008436704989435384,0.04240796101203159
893,0.011898583998117829,0.008445223988928774,0.042461754012038
894,0.011906608998287993,0.00845453598867607,0.042518420012129354
895,0.011921270998755062,0.008463847988423367,0.042578157012030715
896,0.011938507997911074,0.00846850398920651,0.042624718012120866
897,0.011955645997659303,0.008474051989651343,0.04266741601168178
898,0.011967533997449209,0.008480292989588634,0.0427144730119835
899,0.011986158997387975,0.008487226989927876,0.04282324801170034
900,0.011999136997474125,0.008494854990203748,0.04287803201168572
901,0.012013599996862467,0.008503175990881573,0.04292390001137392
902,0.01203162999718188,0.00851179399069224,0.04297977401074604
903,0.012044012996739184,0.008520709990079922,0.04303753001113364
904,0.012052432996824791,0.008529030989848252,0.04309865401046409
905,0.012061843996889365,0.008537946990145429,0.04315472501093609
906,0.012069669996890298,0.008546961989850388,0.04319900701102597
907,0.012082745996849553,0.008554490989808983,0.043247252010587545
908,0.012149714996667171,0.008624431990028825,0.04330233301061526
909,0.012167149996457738,0.008639687989671074,0.04334651601038786
910,0.012183099996036617,0.008649395988868491,0.043387926010836964
911,0.01221519799582893,0.00865841098857345,0.043449149011394184
912,0.01223035599650757,0.008668118987770868,0.04349947501123097
913,0.012242045996572415,0.008677529987835442,0.043553565011279716
914,0.0122646329964482,0.008684761987751699,0.04359824301172921
915,0.012274539996724343,0.008692290988619789,0.04364262501167104
916,0.012286228996345017,0.008701305989234243,0.0436869080112956
917,0.012299206996431167,0.00871041998925648,0.04374159301187319
918,0.012314661996242648,0.008719533989278716,0.043844325011377805
919,0.012333286996181414,0.00872785498995654,0.04389871201146889
920,0.012348245996690821,0.00873667198993644,0.0439485420120036
921,0.01243165999676421,0.008745587989324122,0.04399232901232608
922,0.012447312996300752,0.008753413989325054,0.04404097101269144
923,0.012462172996492882,0.008761635989685601,0.04407812101271702
924,0.01247376399624045,0.00877065098939056,0.04411457801325014
925,0.012488326995480747,0.00877966598909552,0.044149846013169736
926,0.012510021995694842,0.008787987989308021,0.04418560901285673
927,0.012528348995147098,0.00879680498928792,0.044224938013030624
928,0.012546873994324415,0.008805720989585097,0.04426297901318321
929,0.012562129993966664,0.008811962989057065,0.044292600013250194
930,0.012570450993734994,0.00881889798984048,0.04432935301338148
931,0.012578177993418649,0.008826526989651029,0.044365413014020305
932,0.012590956993335567,0.008834749989546253,0.044400780013347685
933,0.012602844993125473,0.008843764989251213,0.044427627013647
934,0.012613246993169014,0.008852977988681232,0.04445655501331203
935,0.012626521993297501,0.00886139798876684,0.04448587901333667
936,0.012637121993066103,0.008870313989064016,0.04451787801281171
937,0.012647622993426921,0.008879428989530425,0.044544329012751405
938,0.012661887993999699,0.008887156989658251,0.044576030012649426
939,0.01268061099381157,0.008895379989553476,0.04461209001237876
940,0.01269378699362278,0.008904295989850652,0.04463913501240313
941,0.012704783994195168,0.008913211989238334,0.04467430301247077
942,0.012721525993583782,0.008921434989133559,0.04470957101239037
943,0.01273242299339472,0.008930548989155795,0.044787536012336204
944,0.01274104199364956,0.008939860989812587,0.044819931012170855
945,0.012754415994095325,0.008946795989686507,0.04485797301185812
946,0.012768284993398993,0.008954522990279656,0.04488610801126924
947,0.012777695993463567,0.00896274599017488,0.044927815011760686
948,0.012793644993507769,0.00897176098987984,0.04496764001214615
949,0.012803451993931958,0.008980874989902077,0.045004294011960155
950,0.012816627993743168,0.008989394989839639,0.045037283012788976
951,0.012828614992940857,0.009004551990074106,0.045066804013004
952,0.012840007992963365,0.00901376499041362,0.045096623012796044
953,0.012857047993747983,0.009021392990689492,0.0451263430131803
954,0.012887362993751594,0.009029813991219271,0.045162403012909635
955,0.012898656993456825,0.009038729991516448,0.045200841012956516
956,0.01290995099407155,0.009047744991221407,0.04523650501323573
957,0.012920352994115092,0.009056165991751186,0.04526285601332347
958,0.012935113993989944,0.009065081992048363,0.04529237801398267
959,0.012944920994414133,0.00907399799234554,0.045322098013457435
960,0.012959482995029248,0.009079445992938417,0.04536152701348328
961,0.012969092995263054,0.009085686992875708,0.04539104901323299
962,0.012980089994925947,0.00909262099321495,0.04542285001298296
963,0.012998714994864713,0.009100446993215883,0.04545910901288153
964,0.01300782899488695,0.00910886699330149,0.0454949710128858
965,0.013021895994825172,0.009117683993281389,0.04553033801312267
966,0.013031901995418593,0.009126698993895843,0.045566596012577065
967,0.01304606899520877,0.009135119993516128,0.04560077401310991
968,0.013064396995105199,0.009144233993538364,0.04563723001319886
969,0.013084408994473051,0.009153248993243324,0.04567309201320313
970,0.013103825994221552,0.009160876993519196,0.045706378013164795
971,0.013117793994751992,0.009169297994048975,0.04574194301312673
972,0.013137012994775432,0.00918475199432578,0.04577503101336333
973,0.01315048599462898,0.009194658994601923,0.04581277501347358
974,0.013161085994397581,0.009202979994370253,0.045852401013689814
975,0.01318614899446402,0.009211994994075212,0.04587924801398913
976,0.01319387599505717,0.009221208993949404,0.04590886901405611
977,0.01321240099514398,0.0092282429941406,0.04594106501463102
978,0.01337645499552309,0.009235970994268428,0.045970884014423063
979,0.013389134995122731,0.009244391994798207,0.04600060401389783
980,0.01340439099476498,0.009253605994672398,0.04603299901373248
981,0.013417070994364622,0.009262620994377357,0.0460624220140744
982,0.013431633994514414,0.009270941994145687,0.0461017510133388
983,0.013445007994960179,0.00927985799353337,0.046128301013595774
984,0.013457787995321269,0.009288971993555606,0.04615504901357781
985,0.013471557996126649,0.00929669899323926,0.04618675101392
986,0.013492064996171393,0.009305218993176823,0.0462132020138597
987,0.01350781599558104,0.009314531992458797,0.04624936101390631
988,0.013515839995307033,0.00932354699307325,0.046282350013825635
989,0.013530501995774102,0.009332462993370427,0.04632068901446473
990,0.01354357899617753,0.009341775993561896,0.04635645201415173
991,0.013555267996707698,0.009350889993584133,0.046388946014303656
992,0.013572009996096313,0.00935762599328882,0.046425105014350265
993,0.013582906995907251,0.009371197993459646,0.04645492401414231
994,0.013590930995633244,0.009379221993185638,0.046483951014124614
995,0.013603709995550162,0.009457186993131472,0.0465202090144885
996,0.01362302799589088,0.00946818399370386,0.04655220701442886
997,0.013637490995279222,0.009478089993535832,0.04658529501375597
998,0.013655520995598636,0.009487401993283129,0.046614718013188394
999,0.013663149995409185,0.009496713993030426,0.04664671601312875
1000,0.0136776139952417,0.009505927992904617,0.046679507012413524
1001,0.013687816995116009,0.00951355599318049,0.046759553011725075
1002,0.01370366799437761,0.009521976993710268,0.046793434012215585
1003,0.013717437994273496,0.009530991993415228,0.046822460012663214
1004,0.01372684899433807,0.009540204992845247,0.04685703401264618
1005,0.013740420994508895,0.009548624992930854,0.046888240012776805
1006,0.013751812994996726,0.009644025993111427,0.0469311350125281
1007,0.01376905099459691,0.009653733993218339,0.0469668980122151
1008,0.013775390994851477,0.009660766992965364,0.04699780701230338
1009,0.013785396994535404,0.009668394992331741,0.04703862301175832
1010,0.01379520499449427,0.00967681599286152,0.04707032401165634
1011,0.013808281994897698,0.00968602899229154,0.04710925701147062
1012,0.01382026899500488,0.009695340992038837,0.047147794011834776
1013,0.01383582299513364,0.009703661991807166,0.047189996012093616
1014,0.013850385995283432,0.00971267699242162,0.047221698011526314
1015,0.013863957994544762,0.009721791991978534,0.047253697011910845
1016,0.013881987994864176,0.009729419992254407,0.04728282301221043
1017,0.013901107995479833,0.009737840992784186,0.047322251011792105
1018,0.013920425994911056,0.009747053992214205,0.04735365501255728
1019,0.013930827994045103,0.009756167992236442,0.047392985012265854
1020,0.013939545993707725,0.009764489992448944,0.047431423012312734
1021,0.013950343993201386,0.00977360399247118,0.04746312501265493
1022,0.01396272699275869,0.009782717992493417,0.04750146401238453
